{
  "timestamp": "2025-11-13T12:40:19.317509",
  "model_type": "LogisticRegression + TF-IDF + Numeric + Domain Reputation",
  "training_samples": 437784,
  "validation_samples": 93811,
  "vocabulary_size": 12000,
  "total_features": 12020,
  "roc_auc": 0.998332031115819,
  "f1_score": 0.9909612579714465,
  "precision": 0.9978773129784086,
  "recall": 0.9841404102347219,
  "confusion_matrix": {
    "tn": 46422,
    "fp": 99,
    "fn": 750,
    "tp": 46540
  }
}