{
  "timestamp": "2025-11-12T23:37:57.617945",
  "model_type": "LogisticRegression + TF-IDF + Numeric Features",
  "training_samples": 437784,
  "validation_samples": 93811,
  "vocabulary_size": 12000,
  "total_features": 12011,
  "roc_auc": 0.9821604268795241,
  "f1_score": 0.9575668275733151,
  "precision": 0.9974572194350904,
  "recall": 0.9207443434129837,
  "confusion_matrix": {
    "tn": 46410,
    "fp": 111,
    "fn": 3748,
    "tp": 43542
  }
}