{
  "timestamp": "2025-11-12T23:41:49.261411",
  "test_set_metrics": {
    "roc_auc": 0.9816957795387135,
    "f1": 0.9579362724085249,
    "precision": 0.99741359578851,
    "recall": 0.9214649721934406,
    "confusion_matrix": [
      [
        46408,
        113
      ],
      [
        3714,
        43577
      ]
    ],
    "fp_rate": 0.002429010554373294,
    "fn_rate": 0.07853502780655938
  },
  "adversarial_accuracy": 0.5625,
  "adversarial_breakdown": {
    "brand_impersonation": 1.0,
    "homograph_attack": 0.5,
    "ip_address": 0.0,
    "legitimate_notification": 1.0,
    "legitimate_urgent": 0.5,
    "normal_message": 1.0,
    "otp_message": 1.0,
    "sophisticated_phish": 0.0,
    "subdomain_trick": 1.0,
    "subscription": 1.0,
    "url_only_legit": 0.0,
    "url_only_suspicious": 1.0,
    "url_shortener": 0.0
  }
}